repeat_count,date,observer,details,ids,createdAt_samples
21,2026-01-06,محمد سعيد حسن محمد شرف,وجود عوائق امام ابوابة الطوارئ والممرات,DOB-2045 | DOB-4987 | DOB-5044 | DOB-5083 | DOB-5119 | DOB-5154 | DOB-5184 | DOB-5218 | DOB-5251 | DOB-5287 | DOB-5367 | DOB-5410 | DOB-5450 | DOB-5481 | DOB-5508 | DOB-5542 | DOB-5572 | DOB-5601 | DOB-5638 | DOB-5680 | DOB-5955,2026-01-06
21,2026-01-06,محمد سعيد حسن محمد شرف,تم ملاحظه تلف في بعد العارضات داخل الثلاجه 102,DOB-2056 | DOB-4998 | DOB-5055 | DOB-5094 | DOB-5130 | DOB-5165 | DOB-5195 | DOB-5229 | DOB-5262 | DOB-5298 | DOB-5378 | DOB-5421 | DOB-5461 | DOB-5492 | DOB-5519 | DOB-5553 | DOB-5583 | DOB-5612 | DOB-5649 | DOB-5691 | DOB-5966,2026-01-07
20,2026-01-06,محمد سعيد حسن محمد شرف,تم ملاحظه تلف الجزء  الفاصل في ثلاجه رقم 102,DOB-2057 | DOB-4999 | DOB-5056 | DOB-5095 | DOB-5131 | DOB-5166 | DOB-5196 | DOB-5230 | DOB-5263 | DOB-5299 | DOB-5379 | DOB-5422 | DOB-5462 | DOB-5493 | DOB-5520 | DOB-5554 | DOB-5584 | DOB-5613 | DOB-5650 | DOB-5692,2026-01-07
20,2026-01-06,محمد سعيد حسن محمد شرف,تم ملاحظه ان الارضيه قد تتسبب في انزلاق احد العاملين اثناء الحركه أمام وداخل الثلاجات,DOB-2058 | DOB-5000 | DOB-5057 | DOB-5096 | DOB-5132 | DOB-5167 | DOB-5197 | DOB-5231 | DOB-5264 | DOB-5300 | DOB-5380 | DOB-5423 | DOB-5463 | DOB-5494 | DOB-5521 | DOB-5555 | DOB-5585 | DOB-5614 | DOB-5651 | DOB-5693,2026-01-07
20,2026-01-06,محمد سعيد حسن محمد شرف,تم ملاحظه تلف بعد الأجزاء داخل الثلاجه,DOB-2059 | DOB-5001 | DOB-5058 | DOB-5097 | DOB-5133 | DOB-5168 | DOB-5198 | DOB-5232 | DOB-5265 | DOB-5301 | DOB-5381 | DOB-5424 | DOB-5464 | DOB-5495 | DOB-5522 | DOB-5556 | DOB-5586 | DOB-5615 | DOB-5652 | DOB-5694,2026-01-07
20,2026-01-06,محمد سعيد حسن محمد شرف,تم ملاحظه وجود الشناكل في الترابيزات دائما وهذا يشكل خطوره علي العاملين اثناء العمل,DOB-2060 | DOB-5002 | DOB-5059 | DOB-5098 | DOB-5134 | DOB-5169 | DOB-5199 | DOB-5233 | DOB-5266 | DOB-5302 | DOB-5382 | DOB-5425 | DOB-5465 | DOB-5496 | DOB-5523 | DOB-5557 | DOB-5587 | DOB-5616 | DOB-5653 | DOB-5695,2026-01-07
20,2026-01-06,محمد سعيد حسن محمد شرف,تم ملاحظه استخدام وصله كهرباء لكي يتم تشغيل ماكينه التعقيم ويتم ترك الفيشه علي الارض في المياه وقد يتسبب ذلك في صعق العمال بالكهرباء اثناء التعقيم,DOB-2061 | DOB-5003 | DOB-5060 | DOB-5099 | DOB-5135 | DOB-5170 | DOB-5200 | DOB-5234 | DOB-5267 | DOB-5303 | DOB-5383 | DOB-5426 | DOB-5466 | DOB-5497 | DOB-5524 | DOB-5558 | DOB-5588 | DOB-5617 | DOB-5654 | DOB-5696,2026-01-07
20,2026-01-06,محمد سعيد حسن محمد شرف,تم ملاحظه تلف تريه حامل كبل كهرباء وتم سقوط الكبل علي الارض داخل المياه,DOB-2062 | DOB-5004 | DOB-5061 | DOB-5100 | DOB-5136 | DOB-5171 | DOB-5201 | DOB-5235 | DOB-5268 | DOB-5304 | DOB-5384 | DOB-5427 | DOB-5467 | DOB-5498 | DOB-5525 | DOB-5559 | DOB-5589 | DOB-5618 | DOB-5655 | DOB-5697,2026-01-07
20,2026-01-06,محمد سعيد حسن محمد شرف,تم ملاحظه وجود كبلات كهرباء ملقاه على الارض بجوار العاملين ويوجد بها عده وصلات,DOB-2063 | DOB-5005 | DOB-5062 | DOB-5101 | DOB-5137 | DOB-5172 | DOB-5202 | DOB-5236 | DOB-5269 | DOB-5305 | DOB-5385 | DOB-5428 | DOB-5468 | DOB-5499 | DOB-5526 | DOB-5560 | DOB-5590 | DOB-5619 | DOB-5656 | DOB-5698,2026-01-07
20,2026-01-06,محمد سعيد حسن محمد شرف,تم ملاحظه وجود تلفيات في خرطوم التعقيم,DOB-2064 | DOB-5006 | DOB-5063 | DOB-5102 | DOB-5138 | DOB-5173 | DOB-5203 | DOB-5237 | DOB-5270 | DOB-5306 | DOB-5386 | DOB-5429 | DOB-5469 | DOB-5500 | DOB-5527 | DOB-5561 | DOB-5591 | DOB-5620 | DOB-5657 | DOB-5699,2026-01-07
20,2026-01-05,محمد سعيد حسن محمد شرف,تم ملاحظه وجود توصيلات في كبل الكهرباء الخاص بماكينه الغسيل وقد يتسبب ذلك في صعق احد العمال بالكهرباء اثناء الاستخدام,DOB-2065 | DOB-5007 | DOB-5064 | DOB-5103 | DOB-5139 | DOB-5174 | DOB-5204 | DOB-5238 | DOB-5271 | DOB-5307 | DOB-5387 | DOB-5430 | DOB-5470 | DOB-5501 | DOB-5528 | DOB-5562 | DOB-5592 | DOB-5621 | DOB-5658 | DOB-5700,2026-01-07
20,2026-01-06,محمد سعيد حسن محمد شرف,تم ملاحظه سقوط سقف البنل في وحده بليت التبريد,DOB-2067 | DOB-5009 | DOB-5066 | DOB-5105 | DOB-5141 | DOB-5176 | DOB-5206 | DOB-5240 | DOB-5273 | DOB-5309 | DOB-5389 | DOB-5432 | DOB-5472 | DOB-5503 | DOB-5530 | DOB-5564 | DOB-5594 | DOB-5623 | DOB-5660 | DOB-5702,2026-01-07
20,2026-01-06,محمد سعيد حسن محمد شرف,تم ملاحظه احتمالية سقوط الكشاف داخل وحده بليت التبريد,DOB-2068 | DOB-5010 | DOB-5067 | DOB-5106 | DOB-5142 | DOB-5177 | DOB-5207 | DOB-5241 | DOB-5274 | DOB-5310 | DOB-5390 | DOB-5433 | DOB-5473 | DOB-5504 | DOB-5531 | DOB-5565 | DOB-5595 | DOB-5624 | DOB-5661 | DOB-5703,2026-01-07
20,2026-01-06,محمد سعيد حسن محمد شرف,تم ملاحظه تلف حامل المظله علي رصيف 3,DOB-2069 | DOB-5011 | DOB-5068 | DOB-5107 | DOB-5143 | DOB-5178 | DOB-5208 | DOB-5242 | DOB-5275 | DOB-5311 | DOB-5391 | DOB-5434 | DOB-5474 | DOB-5505 | DOB-5532 | DOB-5566 | DOB-5596 | DOB-5625 | DOB-5662 | DOB-5704,2026-01-07
19,2026-01-06,محمد سعيد حسن محمد شرف,تم ملاحظه وجود جزئيه تالفه داخل وحده بليت التبريد,DOB-2066 | DOB-5008 | DOB-5065 | DOB-5104 | DOB-5140 | DOB-5175 | DOB-5205 | DOB-5239 | DOB-5272 | DOB-5308 | DOB-5388 | DOB-5431 | DOB-5471 | DOB-5502 | DOB-5529 | DOB-5563 | DOB-5593 | DOB-5622 | DOB-5701,2026-01-07
19,2026-01-06,محمد سعيد حسن محمد شرف,تم ملاحظه سقوط فيشه بجوار رصيف التحميل,DOB-2070 | DOB-5012 | DOB-5069 | DOB-5108 | DOB-5144 | DOB-5179 | DOB-5209 | DOB-5243 | DOB-5276 | DOB-5312 | DOB-5392 | DOB-5435 | DOB-5475 | DOB-5533 | DOB-5567 | DOB-5597 | DOB-5626 | DOB-5663 | DOB-5705,2026-01-07
19,2026-01-04,محمد سعيد حسن محمد شرف,تم ملاحظه عدم وجود كفر حمايه علي محابس الاسطوانات,DOB-2071 | DOB-5013 | DOB-5070 | DOB-5109 | DOB-5145 | DOB-5180 | DOB-5210 | DOB-5244 | DOB-5277 | DOB-5313 | DOB-5393 | DOB-5436 | DOB-5476 | DOB-5534 | DOB-5568 | DOB-5598 | DOB-5627 | DOB-5664 | DOB-5706,2026-01-07
17,2026-01-07,محمد سعيد حسن محمد شرف,تم ملاحظه كبل الكهرباء الخاص بماتور نقل المنتج علي الارض بسبب تلف التريه,DOB-2072 | DOB-5014 | DOB-5071 | DOB-5110 | DOB-5146 | DOB-5181 | DOB-5211 | DOB-5245 | DOB-5278 | DOB-5314 | DOB-5394 | DOB-5437 | DOB-5477 | DOB-5535 | DOB-5569 | DOB-5628 | DOB-5665,2026-01-07
15,2026-01-07,محمد سعيد حسن محمد شرف,تم ملاحظه انه يوجد عدد كبير من التلفيات في خرطوم التعقيم أمام النفق وقد يؤدئ الي اصابه العاملين اثناء الاستخدام,DOB-2073 | DOB-5015 | DOB-5072 | DOB-5111 | DOB-5147 | DOB-5212 | DOB-5246 | DOB-5279 | DOB-5315 | DOB-5395 | DOB-5438 | DOB-5478 | DOB-5536 | DOB-5629 | DOB-5666,2026-01-07
6,2026-01-08,محمد سعيد حسن محمد شرف,تم ملاحظه وجود كميه كبيره من المياه أسفل الميزان,DOB-2082 | DOB-5024 | DOB-5324 | DOB-5404 | DOB-5447 | DOB-5675,2026-01-08
5,2026-01-08,محمد سعيد حسن محمد شرف,تم ملاحظه ان السلم غير صالح للاستخدام لعدم توفير الميول الازم له وقد يؤدئ الي سقوط احد العمال اثناء الاستخدام,DOB-2083 | DOB-5025 | DOB-5325 | DOB-5405 | DOB-5676,2026-01-08
4,2026-01-08,محمد سعيد حسن محمد شرف,تم ملاحظه وجود حواف حاده في المخارج الخاصه  يماكينه تدريج البروكلي الجديده,DOB-2084 | DOB-5026 | DOB-5326 | DOB-5406,2026-01-08
4,2026-01-08,محمد سعيد حسن محمد شرف,حادث وشيك تم ملاحظه وجود بالته داخل الثلاجه 703 احد الارجل الخاصه بها تالفا وقد تتسبب في سقوط الباليتات,DOB-2085 | DOB-5027 | DOB-5327 | DOB-5407,2026-01-08
3,2026-01-08,محمد سعيد حسن محمد شرف,تم ملاحظه وجود كرتونه علي بالته في الاعلي غير مغلفه مع الكراتين الأخري وقد يؤدئ ذالك الي سقوط الكرتونه وقد تتسبب في حدوث أصابه جسيمة,DOB-2086 | DOB-5028 | DOB-5328,2026-01-08
3,2026-01-08,محمد سعيد حسن محمد شرف,تم ملاحظه وجود بلاتات غير منظمه في رص المنتج عليها وقد يتسبب ذلك في سقوط المنتج,DOB-2087 | DOB-5029 | DOB-5329,2026-01-08
3,2026-01-08,محمد سعيد حسن محمد شرف,تم ملاحظه وجود بلاتات هائله الي السقوط لعدم وضعها بطريقة صحيحة,DOB-2088 | DOB-5030 | DOB-5330,2026-01-08
3,2026-01-08,محمد سعيد حسن محمد شرف,تم ملاحظه وجود بلاتات يتم وضعها بطريقة غير صحيحة وقد يؤدئ ذالك الي سقوط البلتات,DOB-2089 | DOB-5031 | DOB-5331,2026-01-08
3,2026-01-08,محمد سعيد حسن محمد شرف,تم ملاحظه وجود بلته تم وضعها بطريقة غير صحيحة,DOB-2090 | DOB-5032 | DOB-5332,2026-01-08
3,2026-01-08,محمد سعيد حسن محمد شرف,تم ملاحظه وجود تلف في ارجل البلتات,DOB-2091 | DOB-5033 | DOB-5333,2026-01-08
3,2026-01-08,محمد سعيد حسن محمد شرف,تم ملاحظه وجود بعض البلتات يتم وضعها بطريقة غير صحيحة بسبب تالف البلتات الموجود اسفل منها,DOB-2092 | DOB-5034 | DOB-5334,2026-01-08
3,2026-01-08,محمد سعيد حسن محمد شرف,تم ملاحظه ترك منتج علي الارض وذالك قد يتسبب في سقوط احد العمال اثناء الحركه,DOB-2093 | DOB-5035 | DOB-5335,2026-01-08
3,2026-04-18,محمد سعيد حسن محمد شرف,تم ملاحظه تلف كشاف الاضاءه,DOB-3563 | DOB-3564 | DOB-3578,2026-04-20 07:55:30 | 2026-04-20 07:57:30 | 2026-04-21 05:59:28
2,2026-01-26,محمد سعيد حسن محمد شرف,تم ملاحظه سقوط الحساس الموجود علي الباب,DOB-2287 | DOB-2288,2026-01-27 | 2026-01-28
2,2026-02-26,محمد سعيد حسن محمد شرف,تم ملاحظه سقوط الفيشه,DOB-2602 | DOB-2603,2026-02-27
2,2026-02-28,محمد سعيد حسن محمد شرف,تم ملاحظه وجود تلفيات في أحد الترابيزات,DOB-2620 | DOB-2623,2026-03-01
2,2026-03-01,محمد سعيد حسن محمد شرف,تم ملاحظه وجود حواف حاده في ارجل احد الترابيزات,DOB-2637 | DOB-2641,2026-03-01
2,2026-03-03,محمد سعيد حسن محمد شرف,تم ملاحظه وجود كبل ارس ارضي غير مثبت,DOB-2673 | DOB-2680,2026-03-04
2,2026-03-03,محمد سعيد حسن محمد شرف,تم ملاحظه وجود تلفيات وحواف حاده,DOB-2677 | DOB-2683,2026-03-04
2,2026-03-26,محمد سعيد حسن محمد شرف,تم ملاحظه تلف كشاف الاضاءه,DOB-2948 | DOB-2949,2026-03-27
2,2026-04-07,محمد سعيد حسن محمد شرف,تم ملاحظه وجود بالكات تم وضعها بطريقة غير صحيحة,DOB-3040 | DOB-3041,2026-04-08
2,2026-04-15,محمد سعيد حسن محمد شرف,تم ملاحظه وجود حواف حاده علي خط 3,DOB-3411 | DOB-3412,2026-04-16 10:57:27 | 2026-04-16 10:58:28
2,2026-04-19,محمد سعيد حسن محمد شرف,تم ملاحظه وجود حواف حاده في احد الترابيزات,DOB-3557 | DOB-3559,2026-04-20 07:37:28 | 2026-04-20 07:46:27
2,2026-05-04,محمد سعيد حسن محمد شرف,تم ملاحظه وجود تلفيات في الحائط,DOB-3870 | DOB-3878,2026-05-06 06:55:27 | 2026-05-06 07:10:28
2,2026-05-04,محمد سعيد حسن محمد شرف,تم ملاحظه وجود تلفيات في اسفل الحائط,DOB-3879 | DOB-3880,2026-05-06 07:13:28 | 2026-05-06 07:23:26
2,2026-05-13,محمد سعيد حسن محمد شرف,تم ملاحظه وجود تلفيات في أحد الأجزاء الخاصة بالانتاج,DOB-4037 | DOB-4038,2026-05-14 05:09:26 | 2026-05-14 05:11:26
