date,id,site,status,details,createdAt
2026-01-07,DOB-2115,ICAPP-2,مفتوح,تم ملاحظه عدم ارتداء المهام الوقائية اثناء استخدام ماكينه اللحام مثل الجوانتي,2026-01-11
2026-01-10,DOB-2106,ICAPP-2,مفتوح,تم ملاحظه وجود كبل ارس ارضي غير مثبت علي خط التعبئة رقم 1 أسفل ماكينه الصينيه الدواره,2026-01-10
2026-01-10,DOB-2107,ICAPP-2,مفتوح,تم ملاحظه وجود كبل ارس ارضي غير مثبت أسفل السير الصاعد على خط التعبئة رقم 1,2026-01-10
2026-01-10,DOB-2108,ICAPP-2,مفتوح,تم ملاحظه وجود كبل ارس ارضي غير مثبت أسفل ماكينه البستره على خط التعبئه 2,2026-01-10
2026-01-10,DOB-2193,ICAPP-2,مفتوح,تم ملاحظه وقوف الفني علي الجزء الدوار اثناء تركيب الفرش لعدم وجود ممشي لكي يتم الوقوف عليه اثناء عمل الصيانه,2026-01-20
2026-01-10,DOB-2194,ICAPP-2,مفتوح,تم ملاحظه عدم وجود ويرات لكي يتم التصبين جيدا,2026-01-20
2026-01-10,DOB-2195,ICAPP-2,مفتوح,تم ملاحظه اثناء عماليه التصبين تم ملاحظه عدم وجود اقفال لكي يتم استخدامها الغلق الويرات,2026-01-20
2026-01-11,DOB-2110,ICAPP-1,مغلق,تم ملاحظه وجود حواف حاده علي كفر مفتاح السير الصاعد للنفق علي خط الفراوله 1,2026-01-11
2026-01-11,DOB-2111,ICAPP-1,مفتوح,تم ملاحظه كشاف الطواري هائل الي السقوط بجوار خط الفراوله 1 قبل النفق,2026-01-11
2026-01-11,DOB-2112,ICAPP-1,مفتوح,تم ملاحظه عدم وجود كفر حمايه علي مفاتيح الكهرباء الموجوده علي نفق خط الفراوله 1,2026-01-11
2026-01-11,DOB-2113,ICAPP-1,مفتوح,تم ملاحظه عدم وجود سلم للصعود علي وحده البلاص (وحده التبريد ) في حاله الطوارئ,2026-01-11
2026-01-11,DOB-2114,ICAPP-1,مفتوح,تم ملاحظه عدم وجود كفر حمايه علي مفاتيح الكهرباء الموجود علي نفق خط الفراوله 4,2026-01-11
2026-01-11,DOB-2116,ICAPP-1,مفتوح,تم ملاحظه تلف وير الباب الخاص برصيف التحميل رقم 3 وقد يتم سقوطه علي أحد العاملين,2026-01-11
2026-01-11,DOB-2117,ICAPP-1,مغلق,تم ملاحظه ان لوحه التحكم في رصيف التحميل هائله إلي السقوط,2026-01-11
2026-01-11,DOB-2118,ICAPP-1,مفتوح,تم ملاحظه انه قد يتم سقوط المعدات أو العاملين داخل غرف الصرف بسبب تلف الغطاء الخاص بها ويتم التحرك عن الغرفة,2026-01-11
2026-01-11,DOB-2119,ICAPP-1,مفتوح,تم ملاحظه عدم وجود غطاء حديد في جزئيه علي كبلات الكهرباء داخل المحطه,2026-01-11
2026-01-11,DOB-2121,ICAPP-1,مفتوح,تم ملاحظه تلف كشاف الاضاءه أمام نفق خط الفراوله 3,2026-01-11
2026-01-11,DOB-2123,ICAPP-1,مفتوح,تم ملاحظه عدم تثبيت فيشه الكهرباء جيدا وقد تتسبب في صعق احد العمال بالكهرباء اثناء الاستخدام,2026-01-12
2026-01-11,DOB-2131,ICAPP-1,مغلق,تم ملاحظه تلف الفيشه وقد تتسبب في صعق احد العمال بالكهرباء اثناء الاستخدام,2026-01-12
2026-01-12,DOB-2124,ICAPP-1,مفتوح,تم ملاحظه وجود مخلفات خطره داخل المخزن تابعة الي شركه ناس,2026-01-12
2026-01-12,DOB-2125,ICAPP-1,مغلق,تم ملاحظه ان المخزن التابع الي شركه ناس غير منظم وقد يتسبب ذلك في حدوث حريق إذا حدث ماس كهربائى,2026-01-12 22:20:21
2026-01-12,DOB-2126,ICAPP-1,مغلق,تم ملاحظه ترك اسطوانه بدون كفر حمايه ملقاه علي الارض ولم يتم وضعها في المكان المخصص لها,2026-01-12
2026-01-12,DOB-2128,ICAPP-1,مغلق,تم ملاحظه ركوب التباع بجوار سائق الكلارك اثناء تحميل المواسير التابعه الي الصيانه,2026-01-12
2026-01-12,DOB-2129,ICAPP-1,مفتوح,تم ملاحظه وجود حواف حاده في بوابه الامن الرئيسيه,2026-01-12
2026-01-12,DOB-2130,ICAPP-1,مغلق,تم ملاحظه تلف غطاء غرفه الصرف وقد تتسبب في اصابه احد العمال اثناء الحركه,2026-01-12
2026-01-13,DOB-2132,ICAPP-2,مفتوح,تم ملاحظه عدم وجود رمب علي رصيف للتحميل وهذا يشكل خطوره علي العاملين اثناء التحميل,2026-01-13
2026-01-13,DOB-2133,ICAPP-2,مفتوح,تم ملاحظه وجود ارس علي خط رقم 2 يتم ربط كبل الارس في نفسه,2026-01-13
2026-01-13,DOB-2134,ICAPP-2,مغلق,تم ملاحظه تلف الكشافات داخل الثلاجه وهذا يشكل خطوره علي عامل الفور كلفت اثناء العمل,2026-01-13
2026-01-13,DOB-2135,ICAPP-2,مغلق,تم ملاحظه انه لا يوجد ترابزين للسلم في صاله الجزر,2026-01-13
2026-01-13,DOB-2136,ICAPP-2,مفتوح,تم ملاحظه عدم اكتمال الترابزين في صالة الجزر,2026-01-13
2026-01-13,DOB-2137,ICAPP-2,مغلق,تم ملاحظه تلف الخرطوم داخل صاله الجزر و قد يتسبب في إصابة أحد العمال اثناء الاستخدام,2026-01-13
2026-01-13,DOB-2138,ICAPP-2,مفتوح,تم ملاحظه وجود حواف حاده علي السلم في صالة الجزر,2026-01-13
2026-01-13,DOB-2139,ICAPP-2,مفتوح,تم ملاحظه تلف الصياج اعلي غرفه طرمبات الحريق وقد يؤدئ الي اصابه احد العمال المارين في الشوارع الخارجيه بسبب شده الهواء,2026-01-13
2026-01-13,DOB-2140,ICAPP-2,مغلق,تم ملاحظه ترك صاروخ بدون كفر  موصل بالكهرباء كان يتم استخدامه بهذا الشكل,2026-01-13
2026-01-13,DOB-2141,ICAPP-2,مغلق,تم ملاحظه انه يتم استخدام فيشه للكهرباء غير مؤهله لهذا الاستخدام بهذه الطريقة وقد تؤدي إلى صعق احد العمال بالكهرباء اثناء الاستخدام,2026-01-13
2026-01-13,DOB-2142,ICAPP-2,مغلق,تم ملاحظه ترك لوحه الكهرباء مفتوحه وفد يتم صعق احد العمال بالكهرباء,2026-01-13
2026-01-13,DOB-2143,ICAPP-2,مفتوح,تم ملاحظه علبه كهرباء بجوار الماتور اعلي الباب هائله الي السقوط,2026-01-13
2026-01-13,DOB-2144,ICAPP-2,مغلق,تم ملاحظه تلف فيشه أسفل وحده الازاقه علي خط التعبئة رقم 3,2026-01-13
2026-01-13,DOB-2145,ICAPP-2,مفتوح,تم ملاحظه عدم وجود قائم أسفل الممشا الموجود في صالة الجزر وقد يتم سقوطه بسبب عدم تثبيته ويوجد اهتزاز كبير بسبب المواتير التي تعمل,2026-01-13 15:22:22
2026-01-17,DOB-2173,ICAPP-2,مفتوح,تم ملاحظه وجود تلف في ترابيزه الفرز,2026-01-17
2026-01-17,DOB-2187,ICAPP-2,مفتوح,تم ملاحظه ازاله السلم الموجود أسفل وحده الغسيل,2026-01-20
2026-01-17,DOB-2191,ICAPP-2,مغلق,تم ملاحظه ازاله السلالم الموجوده علي خط الورقيات,2026-01-20
2026-01-17,DOB-2192,ICAPP-2,مغلق,تم ملاحظه وجود انسداد في الصرف في منطقه الويست مما ادي الي امتلاء الشارع بالمياه,2026-01-20
2026-01-17,DOB-2196,ICAPP-2,مغلق,تم ملاحظه تلفيات في الاعمده الجبس بورد في ممر التعقيم,2026-01-20
2026-01-17,DOB-2201,ICAPP-2,مفتوح,تم ملاحظه وجود تلفيات في الأرضية وتتسبب في تلف الترانسات اثناء الحركه والفور كلفت,2026-01-20
2026-01-17,DOB-2202,ICAPP-2,مفتوح,تم ملاحظه وجود تلفيات في عجل احد الترانسات الموجود في المخازن,2026-01-20
2026-01-18,DOB-2174,ICAPP-2,مغلق,تم ملاحظه استخدام أحد عمال الإنتاج حنفيه الحريق لأخذ كميه من المياه لعدم وجود حنفيه مياه داخل صاله بالتدريج البروكلي الجديده,2026-01-18
2026-01-18,DOB-2186,ICAPP-2,مفتوح,تم ملاحظه سقوط الباب من الاعلي,2026-01-20
2026-01-18,DOB-2188,ICAPP-2,مفتوح,تم ملاحظه وجود تلف في جزئيه في السير وقد تتسبب في حدوث أصابه الي أحد العمال اثناء العمل,2026-01-20
2026-01-18,DOB-2189,ICAPP-2,مفتوح,تم ملاحظه لوحه الكهرباء أسفل محبس المياه وإذا تم التسريب يتم انزال المياه علي لوحه الكهرباء,2026-01-20
2026-01-19,DOB-2180,ICAPP-2,مفتوح,تم ملاحظه ان هذا الجزئيه قد تتسبب في انحشار ايدي العمال بين السير والجزئيه الحديد,2026-01-20
2026-01-19,DOB-2181,ICAPP-2,مفتوح,تم ملاحظه وجود حواف حاده علي كفر حمايه الخاص بمفتاح الكهرباء,2026-01-20
2026-01-19,DOB-2182,ICAPP-2,مغلق,تم ملاحظه عدم تركيب كفر الحمايه الموجود علي تروس الحركه علي خط التعبئة 2,2026-01-20
2026-01-19,DOB-2183,ICAPP-2,مفتوح,تم ملاحظه تلف الفيشه الموجوده بجوار البوفيه المكتب الإداري,2026-01-20
2026-01-19,DOB-2184,ICAPP-2,مغلق,تم ملاحظه وجود مخلفات في منطقة الويست وينتج منها رائحه نفاذه,2026-01-20
2026-01-19,DOB-2185,ICAPP-2,مفتوح,تم ملاحظه وجود تلفيات في الحاجز الموجود بجوار مخرج صاله الإنتاج الي المخازن,2026-01-20
2026-01-19,DOB-2199,ICAPP-2,مفتوح,تم ملاحظه وجود حواف حاده والفئات في اجزاء باب الثلاجه,2026-01-20
2026-01-20,DOB-2190,ICAPP-2,مفتوح,تم ملاحظه تلف في أحد الممشي لعدم وجود حامل أسفله,2026-01-20
2026-01-20,DOB-2197,ICAPP-2,مفتوح,تم ملاحظه استخدام فنيين الصيانه الصاروخ بدون ارتداء المهام الوقائية مثل النظاره + الجوانتي + عدم وجود كفر حمايه الصاروخ,2026-01-20
2026-01-20,DOB-2198,ICAPP-2,جاري,تم وضع مكتب تابع الي المخازن في الممر وقد يؤدئ الي حدوث أصابه جسيمة الي العامل الموجود علي المكتب بسبب حركه الفور كلفت,2026-01-20
2026-01-20,DOB-2200,ICAPP-2,مفتوح,تم ملاحظه دخول عامل اصغر من السن القانوني للعمل,2026-01-20
2026-01-20,DOB-2203,ICAPP-2,مفتوح,تم ملاحظه ان منطقه الاستقبال لا يوجد بها حاجز حمايه  وقد يتم سقوط احد العمال اثناء العمل وأن الارضيه زلاقه. جدا,2026-01-20
2026-01-20,DOB-2204,ICAPP-2,مفتوح,تم ملاحظه عدم وجود سلم للنزول في الاسفل في منطقة الاستقبال,2026-01-21
2026-01-21,DOB-2225,ICAPP-2,مغلق,عدم وجود مكان مخصص لوضع اسطوانات  اللحام بداخلها مما يتم وضع الاسطوانه علي الارض وقد يؤدئ ذالك الي حدوث حادث جسيم,2026-01-22
2026-01-21,DOB-2228,ICAPP-2,مفتوح,تم ملاحظه وجود بعض الحواف الحاده في الصينيه علي خط 1,2026-01-22
2026-01-21,DOB-2229,ICAPP-2,مفتوح,تم ملاحظه وجود حواف حاده علي ترابيزه يتم استخدامها بجوار خط رقم 2,2026-01-22
2026-01-21,DOB-2230,ICAPP-2,مفتوح,تم ملاحظه عدم وجود كفر حمايه علي فيشه الكهرباء,2026-01-22
2026-01-21,DOB-2231,ICAPP-2,مفتوح,تم ملاحظه وجود فيشه غير مثبتة ويتم استخدامها وقد تتسبب في صعق احد العمال بالكهرباء اثناء الاستخدام,2026-01-22
2026-01-22,DOB-2240,ICAPP-2,مفتوح,تم ملاحظه عدم تثبيت حامل السير,2026-01-23
2026-01-22,DOB-2241,ICAPP-2,مفتوح,تم ملاحظه وقوف العامل اعلي السير اثناء التعقيم لعدم توفير ممشي للوقوف عليه في عمليه التعقيم,2026-01-23
2026-01-22,DOB-2242,ICAPP-2,مفتوح,تم ملاحظه صعود العامل اثناء التعقيم علي الهزاز الموجود قبل النفق,2026-01-23
2026-01-22,DOB-2243,ICAPP-2,مغلق,تم ملاحظه وجود تلف في القفل الخاص للوحه الكهرباء وقد يتم دخول مياه داخل اللوحه وقد يتسبب في صعق احد العمال بالكهرباء,2026-01-23
2026-01-22,DOB-2244,ICAPP-2,مفتوح,تم ملاحظه عدم تثبيت الجزئيه  البلاستيكية طارد المنتج جيدا علي السير الصاعد  قبل النفق وذالك يتسبب في  انحشار المنتج بين السير والقطعه البلاستيكيه وقد يؤدئ ذالك الي حدوث أصابه الي العامل اثناء العمل,2026-01-23
2026-01-22,DOB-2245,ICAPP-2,مغلق,تم ملاحظه وجود تلف في ماسوره المياه اعلي خط الخضروات,2026-01-23
2026-01-22,DOB-2246,ICAPP-2,مفتوح,تم ملاحظه وجود سلك ارس غير مواصله,2026-01-23
2026-01-22,DOB-2247,ICAPP-2,مفتوح,تم ملاحظه سقوط الحساس الخاص بالباب في مدخل صاله تعبئه الالي,2026-01-23
2026-01-22,DOB-2248,ICAPP-2,مفتوح,تم ملاحظه وجود حواف حاده علي ترابيزه التعبئة وقد تتسبب في اصابه احد العمال اثناء العمل بسبب التلف الموجود في الترابيزه,2026-01-23
2026-01-22,DOB-2249,ICAPP-2,مفتوح,تم ملاحظه تلف مفتاح الكهرباء علي خط رقم 3 وقد يتسبب في صعق احد العمال بالكهرباء اثناء العمل,2026-01-23
2026-01-22,DOB-2250,ICAPP-2,مفتوح,تم ملاحظه وجود كبل ارس ارضي غير مثبت علي خط رقم 2,2026-01-23
2026-01-25,DOB-2261,ICAPP-2,مفتوح,تم ملاحظه ترك اسطوانه ارجون ملقاه على الارض وقد تتسبب في حدوث حادث جسيم,2026-01-26
2026-01-26,DOB-2281,ICAPP-2,مفتوح,تم ملاحظه تلف كفر لوحه الكهرباء وقد يتسبب في صعق احد العمال بالكهرباء اثناء العمل,2026-01-27
2026-01-26,DOB-2282,ICAPP-2,مغلق,تم ملاحظه وجود تسريب مياه من وحده التبريد,2026-01-27
2026-01-26,DOB-2283,ICAPP-2,مفتوح,تم ملاحظه صعود أحد عمال الإنتاج و الصيانه أعلي خط الخضار اثناء العمل في المحابس,2026-01-27
2026-01-26,DOB-2284,ICAPP-2,مفتوح,تم ملاحظه وجود تراكم منتج بجوار الجزء الدوار وقد يتسبب في إصابة أحد العمال اثناء اخراج المنتج,2026-01-27
2026-01-26,DOB-2286,ICAPP-2,مغلق,تم ملاحظه ان العامل الذي يتم الدخول لكي يتم تعقيم النفق لا يقدر علي التنفس بسبب البخار,2026-01-27
2026-01-27,DOB-2285,ICAPP-2,مغلق,تم ملاحظه صعود العامل علي السير,2026-01-27
2026-01-29,DOB-2294,ICAPP-2,مفتوح,تم ملاحظه وجود تلفيات في السير علي خط رقم 1,2026-01-30
2026-01-29,DOB-2295,ICAPP-2,مفتوح,تم ملاحظه صعود العامل علي ترابيزه ويوجد علها عدد من البرانيك لكي يتم العمل علي السير الصاعد,2026-01-30
2026-01-29,DOB-2296,ICAPP-2,مفتوح,تم ملاحظه وجود حواف حاده علي ارجل ترابيزه السير,2026-01-30
2026-01-29,DOB-2297,ICAPP-2,مغلق,تم ملاحظه وجود  Alarm علي الميزان الخاص باسطوانات الغمر الكلي علي غرفه الكهرباء الموجوده امام مدخل المبني الاداري,2026-01-30
2026-01-29,DOB-2298,ICAPP-2,مفتوح,تم ملاحظه ان ترابزين السلم الموجود بجوار جريدر خط الخضار عالي عن الطبيعي وغير مطابقة للاستخدام,2026-01-30
2026-01-29,DOB-2299,ICAPP-2,مفتوح,تم ملاحظه عدم وجود أحد جوانب الترابزين للسلم الموجود علي وحده الغسيل,2026-01-30
2026-01-30,DOB-2300,ICAPP-2,مفتوح,تم ملاحظه صعود العامل علي السير اثناء تنظيف سير  خط الجزر,2026-01-30
2026-01-30,DOB-2301,ICAPP-2,جاري,تم ملاحظه ان الاضاءه ضعيفة في منطقة الويست والميزان,2026-01-30
2026-01-30,DOB-2302,ICAPP-2,مفتوح,تم ملاحظه ان الكشافات لا تعمل اعلي منطقة استقبال صاله الجزر,2026-01-30
2026-01-30,DOB-2303,ICAPP-2,مفتوح,تم ملاحظه تلف العجله الاماميه الخاصه بالباب,2026-01-30
2026-01-30,DOB-2304,ICAPP-2,مفتوح,تم ملاحظه وجود تلفيات في كفه الجروف وقد تتسبب في اصابه احد العمال اثناء الاستخدام,2026-01-30
2026-01-30,DOB-2305,ICAPP-2,مغلق,تم ملاحظه وجود تلفيات في جروف التعبئه وقد يتسبب في إصابة أحد العمال اثناء الاستخدام,2026-01-30
2026-01-30,DOB-2306,ICAPP-2,مفتوح,تم ملاحظه وجود تلفيات في أحد الاقفال وقد يتسبب في إصابة أحد العمال اثناء الاستخدام,2026-01-30
